USE [master]
GO

USE [ABN_Job_Portal]
GO

SET IDENTITY_INSERT [dbo].[UserAccounts] ON 

INSERT [dbo].[UserAccounts] ([userID], [email], [password], [userType]) VALUES (1, N'juandelacruz@email.com', N'$argon2i$v=19$m=65536,t=4,p=1$aEM5QUJUZFJpY0dEWXd0dg$dwEyRuccrcHcYeP/nYwwHKz7wp6fojCeiEKCJMRWw1U', N'Jobseeker')
INSERT [dbo].[UserAccounts] ([userID], [email], [password], [userType]) VALUES (2, N'accentureph@email.com', N'$argon2i$v=19$m=65536,t=4,p=1$QXZ6YmE3azlSa1FKZTVMcQ$jaJK7CdmdVSRq8JeDXek+dgZTeKurq29CRgUgIdQndU', N'Employer')
INSERT [dbo].[UserAccounts] ([userID], [email], [password], [userType]) VALUES (3, N'pumaincph@email.com', N'$argon2i$v=19$m=65536,t=4,p=1$Skhka1FnNHk2ZkxhUm9HaQ$HOXpRhM7Tuq04YumO467nLsUweUox64xpz89LM3oWQ0', N'Employer')
INSERT [dbo].[UserAccounts] ([userID], [email], [password], [userType]) VALUES (4, N'manulifeph@email.com', N'$argon2i$v=19$m=65536,t=4,p=1$czN0Rld0a2NEQ200dERoRg$kuVLmUGWLQvMGO7hkn0vYh6i2NOnYWEc3C29ikFR8Go', N'Employer')
INSERT [dbo].[UserAccounts] ([userID], [email], [password], [userType]) VALUES (5, N'sanmiguel@email.com', N'$argon2i$v=19$m=65536,t=4,p=1$RERxakhWd2Y3NjFKSnBFYQ$L4JsqUgWeJW8Of1CqG0zBZgEwMOTemyCFD2tCuEYU84', N'Employer')
INSERT [dbo].[UserAccounts] ([userID], [email], [password], [userType]) VALUES (6, N'mariamercedez@email.com', N'$argon2i$v=19$m=65536,t=4,p=1$MFZlc2NkNHFxNFpDS2g2bg$/Bkcwoexu7118AcKbUAs7v8FT8kDl9tWIw7Y8WHluEs', N'Jobseeker')
SET IDENTITY_INSERT [dbo].[UserAccounts] OFF
GO
SET IDENTITY_INSERT [dbo].[JobSeekers] ON 

INSERT [dbo].[JobSeekers] ([jobseekerID], [firstName], [middleName], [lastName], [birthDate], [gender], [cityProvince], [contactNumber], [email], [profilePic]) VALUES (1, N'Juan', N'Santos', N'Dela Cruz', CAST(N'2000-06-20' AS Date), N'Male', N'Valenzuela City', N'09876543219', N'juandelacruz@email.com', N'JBSK_1614142006.png')
INSERT [dbo].[JobSeekers] ([jobseekerID], [firstName], [middleName], [lastName], [birthDate], [gender], [cityProvince], [contactNumber], [email], [profilePic]) VALUES (2, N'Maria', N'', N'Mercedez', CAST(N'1996-07-19' AS Date), N'Female', N'Paranaque City', N'09123456788', N'mariamercedez@email.com', NULL)
SET IDENTITY_INSERT [dbo].[JobSeekers] OFF
GO
SET IDENTITY_INSERT [dbo].[Employers] ON 

INSERT [dbo].[Employers] ([employerID], [companyName], [street], [brgyDistrict], [cityProvince], [contactNumber], [email], [website], [description], [profilePic]) VALUES (1, N'Accenture Philippines', N'11th Ave.', N'Bonifacio Global City', N'Manila', N'09123456789', N'accentureph@email.com', N'https://www.accenture.com/', N'Etiam a pulvinar sapien. Phasellus sed blandit turpis. Proin vitae ex vitae mi viverra dictum a sed enim. Duis lectus massa, commodo sit amet condimentum ac, vestibulum a mi. Vestibulum egestas lorem cursus, pellentesque ex non, tincidunt dolor. Praesent vitae rhoncus mi, in bibendum felis. Vestibulum feugiat quam nibh, ac sodales odio fringilla molestie. Phasellus quis augue in metus rutrum ullamcorper. Integer iaculis felis orci, eu malesuada mauris sodales eget. Nulla odio enim, commodo vel enim non, cursus feugiat nisl. Fusce nec velit semper, tempor urna quis, congue ipsum. Nam condimentum tortor quis pulvinar molestie. Cras sed mi magna. Suspendisse potenti. Nam pellentesque nulla luctus hendrerit feugiat.', N'EMPL_1614048339.png')
INSERT [dbo].[Employers] ([employerID], [companyName], [street], [brgyDistrict], [cityProvince], [contactNumber], [email], [website], [description], [profilePic]) VALUES (2, N'Puma Inc. PH', N'Ayala Avenue', N'Makati', N'Metro Manila', N'+63 2 5532288', N'pumaincph@email.com', N'https://about.puma.com/en/storelocator/philippines/undefined/makati_city-ayala_glorietta_4_mall', N'Non nisi est sit amet facilisis magna etiam tempor orci. Rhoncus aenean vel elit scelerisque mauris pellentesque pulvinar. Dignissim cras tincidunt lobortis feugiat vivamus at augue. Sit amet nisl suscipit adipiscing bibendum. Sit amet mauris commodo quis imperdiet massa tincidunt. Velit scelerisque in dictum non consectetur a erat. Ac tincidunt vitae semper quis lectus nulla at. Mattis molestie a iaculis at erat pellentesque adipiscing commodo. Tincidunt arcu non sodales neque sodales ut etiam sit amet. Sit amet porttitor eget dolor morbi non arcu risus quis. Ultrices gravida dictum fusce ut placerat orci.', N'EMPL_1614049827.png')
INSERT [dbo].[Employers] ([employerID], [companyName], [street], [brgyDistrict], [cityProvince], [contactNumber], [email], [website], [description], [profilePic]) VALUES (3, N'Manulife Financial Corp.', N'Sen. G. Puyat Street', N'Bel Air', N'Makati City', N'+632 8884 7000', N'manulifeph@email.com', N'https://www.manulife.com.ph/', N'Tellus integer feugiat scelerisque varius morbi enim nunc faucibus a. Ac turpis egestas maecenas pharetra convallis posuere morbi leo. Blandit turpis cursus in hac habitasse. Egestas purus viverra accumsan in. Risus viverra adipiscing at in tellus integer. Sagittis id consectetur purus ut faucibus pulvinar elementum. Ullamcorper a lacus vestibulum sed arcu non odio. Quis viverra nibh cras pulvinar mattis. Fringilla est ullamcorper eget nulla facilisi etiam dignissim. Duis tristique sollicitudin nibh sit amet. Netus et malesuada fames ac turpis egestas integer. Nulla at volutpat diam ut venenatis tellus. Amet porttitor eget dolor morbi non arcu risus quis. Aliquet porttitor lacus luctus accumsan. Cursus in hac habitasse platea dictumst. Nulla posuere sollicitudin aliquam ultrices sagittis orci a scelerisque. Nec feugiat nisl pretium fusce id.', N'EMPL_1614051359.png')
INSERT [dbo].[Employers] ([employerID], [companyName], [street], [brgyDistrict], [cityProvince], [contactNumber], [email], [website], [description], [profilePic]) VALUES (4, N'San Miguel Corporation', N'San Miguel Avenue', N'Mandaluyong City', N'Metro Manila', N'(+632) 8-632-2000', N'sanmiguel@email.com', N'https://www.sanmiguel.com.ph/', N'Curabitur gravida arcu ac tortor dignissim convallis aenean. Enim blandit volutpat maecenas volutpat blandit. Ultrices neque ornare aenean euismod elementum nisi quis eleifend quam. Cras semper auctor neque vitae tempus quam pellentesque nec. Orci eu lobortis elementum nibh tellus molestie nunc. Eu turpis egestas pretium aenean pharetra. Elementum integer enim neque volutpat ac tincidunt. Tincidunt arcu non sodales neque sodales. Condimentum mattis pellentesque id nibh. Sed viverra ipsum nunc aliquet bibendum enim facilisis gravida. Egestas sed sed risus pretium quam. Ultricies leo integer malesuada nunc vel risus commodo. Nunc pulvinar sapien et ligula ullamcorper malesuada. Eu tincidunt tortor aliquam nulla facilisi.Curabitur gravida arcu ac tortor dignissim convallis aenean. Enim blandit volutpat maecenas volutpat blandit. Ultrices neque ornare aenean euismod elementum nisi quis eleifend quam. Cras semper auctor neque vitae tempus quam pellentesque nec. Orci eu lobortis elementum nibh tellus molestie nunc. Eu turpis egestas pretium aenean pharetra. Elementum integer enim neque volutpat ac tincidunt. Tincidunt arcu non sodales neque sodales. Condimentum mattis pellentesque id nibh. Sed viverra ipsum nunc aliquet bibendum enim facilisis gravida. Egestas sed sed risus pretium quam. Ultricies leo integer malesuada nunc vel risus commodo. Nunc pulvinar sapien et ligula ullamcorper malesuada. Eu tincidunt tortor aliquam nulla facilisi.', N'EMPL_1614052338.png')
SET IDENTITY_INSERT [dbo].[Employers] OFF
GO
SET IDENTITY_INSERT [dbo].[Resumes] ON 

INSERT [dbo].[Resumes] ([resumeID], [jobseekerID], [headline], [description], [skills], [experiences], [education], [lastUpdated], [resumeFlag]) VALUES (3, 1, N'Full Stack Developer', N'Iaculis eu non diam phasellus. Vel fringilla est ullamcorper eget nulla. Etiam non quam lacus suspendisse. Amet venenatis urna cursus eget nunc. At tellus at urna condimentum mattis. Semper auctor neque vitae tempus quam. Ut enim blandit volutpat maecenas volutpat blandit aliquam. Amet justo donec enim diam. Elit ut aliquam purus sit amet. Est ullamcorper eget nulla facilisi. Netus et malesuada fames ac turpis egestas maecenas pharetra. Interdum varius sit amet mattis. Amet consectetur adipiscing elit duis. Massa vitae tortor condimentum lacinia quis vel eros. Fringilla urna porttitor rhoncus dolor purus. Ipsum faucibus vitae aliquet nec ullamcorper sit amet risus.', N'Egestas egestas fringilla phasellus faucibus scelerisque eleifend donec. Scelerisque viverra mauris in aliquam sem fringilla ut morbi tincidunt. Nisl condimentum id venenatis a condimentum. Amet nulla facilisi morbi tempus iaculis urna id volutpat. Interdum velit laoreet id donec. Enim lobortis scelerisque fermentum dui. ', N'Feugiat in fermentum posuere urna. Amet nisl purus in mollis nunc. Ante in nibh mauris cursus mattis. Aenean sed adipiscing diam donec adipiscing tristique risus. Sit amet tellus cras adipiscing enim eu turpis.', N'Tempor orci eu lobortis elementum nibh tellus molestie. Arcu odio ut sem nulla pharetra diam sit amet nisl. Tempus urna et pharetra pharetra massa massa ultricies. Id aliquet risus feugiat in ante metus dictum. Consectetur a erat nam at lectus urna duis convallis. Feugiat sed lectus vestibulum mattis ullamcorper.', CAST(N'2021-02-23T19:17:48.637' AS DateTime), 0x01)
INSERT [dbo].[Resumes] ([resumeID], [jobseekerID], [headline], [description], [skills], [experiences], [education], [lastUpdated], [resumeFlag]) VALUES (4, 2, N'Product Designer', N'Lorem ipsum dolor sit amet, consectetur adipiscing elit, sed do eiusmod tempor incididunt ut labore et dolore magna aliqua. Euismod quis viverra nibh cras pulvinar. Augue interdum velit euismod in pellentesque massa placerat duis. Donec pretium vulputate sapien nec sagittis. Tortor vitae purus faucibus ornare suspendisse. Odio morbi quis commodo odio aenean sed adipiscing diam donec. Aliquam ut porttitor leo a diam sollicitudin tempor id eu. Odio pellentesque diam volutpat commodo sed. Pretium lectus quam id leo in vitae turpis. Aenean euismod elementum nisi quis eleifend quam adipiscing vitae proin. Pretium aenean pharetra magna ac. Leo a diam sollicitudin tempor id eu nisl nunc. Quis varius quam quisque id diam vel quam. Egestas diam in arcu cursus euismod quis viverra nibh.', N'Purus sit amet volutpat consequat mauris nunc congue nisi. Nascetur ridiculus mus mauris vitae ultricies leo integer. Et malesuada fames ac turpis egestas integer eget. Ornare suspendisse sed nisi lacus sed viverra tellus. Nulla facilisi morbi tempus iaculis urna id volutpat lacus laoreet.', N'Ut placerat orci nulla pellentesque dignissim enim. Tempus egestas sed sed risus pretium quam vulputate dignissim. Ultricies leo integer malesuada nunc vel risus commodo viverra maecenas. Senectus et netus et malesuada fames ac. Tincidunt eget nullam non nisi est. Enim sed faucibus turpis in eu. Pretium aenean pharetra magna ac placerat vestibulum.', N'Elit sed vulputate mi sit. Pulvinar neque laoreet suspendisse interdum consectetur libero id faucibus. Mattis rhoncus urna neque viverra justo. Gravida neque convallis a cras semper auctor neque vitae. Nunc sed id semper risus in hendrerit. In massa tempor nec feugiat. Lacus suspendisse faucibus interdum posuere lorem ipsum dolor sit. ', CAST(N'2021-02-24T12:13:28.100' AS DateTime), 0x01)
SET IDENTITY_INSERT [dbo].[Resumes] OFF
GO
SET IDENTITY_INSERT [dbo].[JobPosts] ON 

INSERT [dbo].[JobPosts] ([jobPostID], [employerID], [jobTitle], [jobType], [field], [description], [responsibilities], [skills], [experiences], [education], [minSalary], [maxSalary], [dateCreated], [dateModified], [jobPostFlag]) VALUES (1, 1, N'Web Developer', N'Full Time', N'Information Technology', N'Ullamcorper a lacus vestibulum sed arcu non odio euismod. Egestas erat imperdiet sed euismod nisi porta lorem mollis aliquam. Donec pretium vulputate sapien nec sagittis aliquam malesuada bibendum. Sollicitudin ac orci phasellus egestas. Viverra suspendisse potenti nullam ac tortor vitae purus faucibus. Elit pellentesque habitant morbi tristique senectus et netus et malesuada. ', N'Nunc mi ipsum faucibus vitae aliquet nec ullamcorper sit amet. Consequat nisl vel pretium lectus quam id leo in vitae. Et tortor consequat id porta nibh. Risus at ultrices mi tempus imperdiet nulla malesuada. Enim nulla aliquet porttitor lacus luctus accumsan tortor posuere ac. Egestas dui id ornare arcu odio ut sem. Justo donec enim diam vulputate ut. Augue eget arcu dictum varius. Sit amet risus nullam eget felis eget nunc. Netus et malesuada fames ac turpis egestas. Ornare suspendisse sed nisi lacus sed. Tellus molestie nunc non blandit massa enim nec dui. Et leo duis ut diam quam nulla porttitor massa id.', N'Ornare lectus sit amet est placerat in. Adipiscing enim eu turpis egestas pretium aenean pharetra magna ac. Scelerisque in dictum non consectetur a erat. Sed blandit libero volutpat sed cras ornare arcu dui. Ultrices dui sapien eget mi proin sed libero. Lacinia quis vel eros donec ac odio tempor orci dapibus. Hendrerit dolor magna eget est lorem ipsum dolor sit. Faucibus scelerisque eleifend donec pretium vulputate. ', N'Sed risus ultricies tristique nulla aliquet enim tortor at. Vulputate dignissim suspendisse in est ante in nibh mauris. Massa eget egestas purus viverra accumsan in nisl nisi scelerisque. Blandit volutpat maecenas volutpat blandit aliquam.', N'Et tortor consequat id porta nibh. Nisl nunc mi ipsum faucibus vitae aliquet nec. Faucibus purus in massa tempor nec feugiat nisl pretium. Ornare massa eget egestas purus viverra.', 18000.0000, 26500.0000, CAST(N'2021-02-23T10:51:16.843' AS DateTime), NULL, 0x01)
INSERT [dbo].[JobPosts] ([jobPostID], [employerID], [jobTitle], [jobType], [field], [description], [responsibilities], [skills], [experiences], [education], [minSalary], [maxSalary], [dateCreated], [dateModified], [jobPostFlag]) VALUES (2, 1, N'Web Designer', N'Full Time', N'Information Technology', N'Commodo nulla facilisi nullam vehicula. Ac auctor augue mauris augue neque. Non blandit massa enim nec dui nunc mattis enim. Massa tempor nec feugiat nisl. Bibendum est ultricies integer quis auctor. Eu lobortis elementum nibh tellus molestie nunc non. Magna etiam tempor orci eu lobortis elementum nibh tellus molestie. Ac orci phasellus egestas tellus rutrum tellus. In aliquam sem fringilla ut morbi tincidunt. Phasellus egestas tellus rutrum tellus pellentesque eu tincidunt tortor.', N'Ornare lectus sit amet est placerat in. Adipiscing enim eu turpis egestas pretium aenean pharetra magna ac. Scelerisque in dictum non consectetur a erat. Sed blandit libero volutpat sed cras ornare arcu dui. Ultrices dui sapien eget mi proin sed libero. Lacinia quis vel eros donec ac odio tempor orci dapibus. Hendrerit dolor magna eget est lorem ipsum dolor sit. Faucibus scelerisque eleifend donec pretium vulputate.', N'Sit amet purus gravida quis. Pharetra massa massa ultricies mi quis hendrerit dolor magna eget. Lacus sed turpis tincidunt id aliquet risus feugiat in ante. Urna id volutpat lacus laoreet non curabitur. Aliquam etiam erat velit scelerisque in.', N'Sed risus ultricies tristique nulla aliquet enim tortor at. Vulputate dignissim suspendisse in est ante in nibh mauris. Massa eget egestas purus viverra accumsan in nisl nisi scelerisque. Blandit volutpat maecenas volutpat blandit aliquam.', N'Ac auctor augue mauris augue neque. Non blandit massa enim nec dui nunc mattis enim. Massa tempor nec feugiat nisl. Bibendum est ultricies integer quis auctor. Eu lobortis elementum nibh tellus molestie nunc non. ', 21600.0000, 28900.0000, CAST(N'2021-02-23T10:57:36.110' AS DateTime), CAST(N'2021-02-23T11:03:09.220' AS DateTime), 0x00)
INSERT [dbo].[JobPosts] ([jobPostID], [employerID], [jobTitle], [jobType], [field], [description], [responsibilities], [skills], [experiences], [education], [minSalary], [maxSalary], [dateCreated], [dateModified], [jobPostFlag]) VALUES (3, 1, N'PHP Developer', N'Intern/OJT', N'Information Technology', N'Scelerisque fermentum dui faucibus in ornare quam viverra orci sagittis. Est ultricies integer quis auctor elit. Amet consectetur adipiscing elit pellentesque. Senectus et netus et malesuada. Lobortis feugiat vivamus at augue eget. Etiam sit amet nisl purus in mollis nunc sed. Tincidunt nunc pulvinar sapien et ligula ullamcorper malesuada proin libero. Turpis egestas maecenas pharetra convallis. Faucibus scelerisque eleifend donec pretium vulputate sapien nec sagittis aliquam. In tellus integer feugiat scelerisque varius morbi enim.', N'Arcu cursus euismod quis viverra nibh cras pulvinar mattis. Enim eu turpis egestas pretium aenean pharetra magna ac placerat. In iaculis nunc sed augue. Lacus vestibulum sed arcu non odio euismod lacinia at. Egestas purus viverra accumsan in nisl nisi. Urna et pharetra pharetra massa. Integer quis auctor elit sed vulputate mi sit amet mauris. Quis viverra nibh cras pulvinar mattis nunc. Praesent tristique magna sit amet purus gravida.', N'Auctor neque vitae tempus quam pellentesque nec. Risus viverra adipiscing at in tellus integer feugiat scelerisque. Pellentesque eu tincidunt tortor aliquam nulla facilisi cras fermentum. ', N'Tortor id aliquet lectus proin nibh nisl condimentum id venenatis. Risus nullam eget felis eget nunc lobortis mattis. Lobortis mattis aliquam faucibus purus in massa. In hendrerit gravida rutrum quisque non tellus.', N'Sed viverra tellus in hac habitasse. In nulla posuere sollicitudin aliquam ultrices sagittis orci. Curabitur vitae nunc sed velit dignissim sodales ut. Iaculis eu non diam phasellus vestibulum lorem sed risus. Mi tempus imperdiet nulla malesuada. Quis blandit turpis cursus in hac habitasse platea dictumst. Elit duis tristique sollicitudin nibh sit amet commodo.', 35600.0000, 58700.0000, CAST(N'2021-02-23T10:59:20.140' AS DateTime), NULL, 0x01)
INSERT [dbo].[JobPosts] ([jobPostID], [employerID], [jobTitle], [jobType], [field], [description], [responsibilities], [skills], [experiences], [education], [minSalary], [maxSalary], [dateCreated], [dateModified], [jobPostFlag]) VALUES (4, 1, N'Python Developer', N'Part Time', N'Information Technology', N'A diam sollicitudin tempor id. Placerat vestibulum lectus mauris ultrices. Amet dictum sit amet justo donec. Laoreet suspendisse interdum consectetur libero id. Pharetra et ultrices neque ornare. Nisi est sit amet facilisis magna etiam tempor orci eu. In aliquam sem fringilla ut morbi tincidunt. Vel fringilla est ullamcorper eget nulla. Sed turpis tincidunt id aliquet risus feugiat in. Aliquet risus feugiat in ante metus dictum at tempor commodo. Dui sapien eget mi proin sed libero enim sed. Nisl rhoncus mattis rhoncus urna neque viverra. Mi bibendum neque egestas congue.', N'Non nisi est sit amet facilisis magna etiam tempor orci. Rhoncus aenean vel elit scelerisque mauris pellentesque pulvinar. Dignissim cras tincidunt lobortis feugiat vivamus at augue. Sit amet nisl suscipit adipiscing bibendum. ', N'Sit amet mauris commodo quis imperdiet massa tincidunt. Velit scelerisque in dictum non consectetur a erat. Ac tincidunt vitae semper quis lectus nulla at. Mattis molestie a iaculis at erat pellentesque adipiscing commodo. Tincidunt arcu non sodales neque sodales ut etiam sit amet. Sit amet porttitor eget dolor morbi non arcu risus quis. Ultrices gravida dictum fusce ut placerat orci.', N'Elementum sagittis vitae et leo duis ut diam. Phasellus egestas tellus rutrum tellus pellentesque eu tincidunt tortor. Vitae justo eget magna fermentum iaculis eu non. Ultricies mi quis hendrerit dolor magna eget est lorem. Maecenas pharetra convallis posuere morbi leo urna molestie at elementum.', N'Dignissim sodales ut eu sem integer. Mattis vulputate enim nulla aliquet porttitor lacus luctus. Id venenatis a condimentum vitae sapien pellentesque habitant morbi.', 18800.0000, 39300.0000, CAST(N'2021-02-23T11:01:32.223' AS DateTime), NULL, 0x01)
INSERT [dbo].[JobPosts] ([jobPostID], [employerID], [jobTitle], [jobType], [field], [description], [responsibilities], [skills], [experiences], [education], [minSalary], [maxSalary], [dateCreated], [dateModified], [jobPostFlag]) VALUES (5, 2, N'Product Designer', N'Full Time', N'Manufacturing', N'Nibh venenatis cras sed felis eget. Quis commodo odio aenean sed adipiscing diam donec adipiscing tristique. Justo nec ultrices dui sapien eget mi proin. Augue lacus viverra vitae congue eu consequat ac. Turpis nunc eget lorem dolor sed viverra ipsum nunc. Eget sit amet tellus cras adipiscing enim eu turpis egestas. Id venenatis a condimentum vitae sapien pellentesque. Integer quis auctor elit sed vulputate mi sit amet. A diam sollicitudin tempor id. At urna condimentum mattis pellentesque id nibh. Integer quis auctor elit sed vulputate mi sit amet mauris. Faucibus scelerisque eleifend donec pretium vulputate sapien nec sagittis. Sollicitudin aliquam ultrices sagittis orci a scelerisque purus semper eget. Gravida in fermentum et sollicitudin ac orci phasellus. Nulla posuere sollicitudin aliquam ultrices sagittis orci a scelerisque. Proin nibh nisl condimentum id. Ornare arcu dui vivamus arcu felis bibendum ut. Tempor id eu nisl nunc mi ipsum faucibus vitae aliquet. Dolor purus non enim praesent elementum facilisis leo. Mattis pellentesque id nibh tortor id aliquet.', N'Cursus eget nunc scelerisque viverra mauris in aliquam sem fringilla. Felis eget nunc lobortis mattis aliquam faucibus. Quis varius quam quisque id diam vel quam. Morbi non arcu risus quis varius quam. Odio tempor orci dapibus ultrices in iaculis nunc. Vivamus at augue eget arcu dictum. Eros in cursus turpis massa tincidunt dui ut ornare lectus. Sed odio morbi quis commodo odio aenean. Tellus molestie nunc non blandit massa enim. Risus feugiat in ante metus.', N'Non nisi est sit amet facilisis magna etiam tempor orci. Rhoncus aenean vel elit scelerisque mauris pellentesque pulvinar. Dignissim cras tincidunt lobortis feugiat vivamus at augue. Sit amet nisl suscipit adipiscing bibendum. Sit amet mauris commodo quis imperdiet massa tincidunt. Velit scelerisque in dictum non consectetur a erat. ', N'Ac tincidunt vitae semper quis lectus nulla at. Mattis molestie a iaculis at erat pellentesque adipiscing commodo. Tincidunt arcu non sodales neque sodales ut etiam sit amet. Sit amet porttitor eget dolor morbi non arcu risus quis. Ultrices gravida dictum fusce ut placerat orci.', N'A diam sollicitudin tempor id. Placerat vestibulum lectus mauris ultrices. Amet dictum sit amet justo donec. Laoreet suspendisse interdum consectetur libero id. Pharetra et ultrices neque ornare. Nisi est sit amet facilisis magna etiam tempor orci eu. In aliquam sem fringilla ut morbi tincidunt. Vel fringilla est ullamcorper eget nulla. Sed turpis tincidunt id aliquet risus feugiat in.', 23900.0000, 32600.0000, CAST(N'2021-02-23T11:12:08.657' AS DateTime), CAST(N'2021-02-24T10:06:46.057' AS DateTime), 0x01)
INSERT [dbo].[JobPosts] ([jobPostID], [employerID], [jobTitle], [jobType], [field], [description], [responsibilities], [skills], [experiences], [education], [minSalary], [maxSalary], [dateCreated], [dateModified], [jobPostFlag]) VALUES (6, 2, N'Sales Advisor', N'Part Time', N'Sales and Finance', N'Imperdiet proin fermentum leo vel orci porta non pulvinar. Eget nullam non nisi est sit amet facilisis magna. Viverra orci sagittis eu volutpat odio. Risus nullam eget felis eget nunc lobortis mattis aliquam. Gravida dictum fusce ut placerat orci. Platea dictumst vestibulum rhoncus est pellentesque elit ullamcorper dignissim cras. Scelerisque mauris pellentesque pulvinar pellentesque habitant morbi tristique senectus. Aliquet enim tortor at auctor urna nunc id cursus metus. Ut faucibus pulvinar elementum integer enim neque volutpat ac tincidunt. Lectus urna duis convallis convallis tellus. Sagittis orci a scelerisque purus. Pulvinar mattis nunc sed blandit. Elementum sagittis vitae et leo duis ut. Turpis massa tincidunt dui ut ornare lectus. Facilisi morbi tempus iaculis urna id. Habitant morbi tristique senectus et netus et malesuada fames ac. Vitae elementum curabitur vitae nunc. Magna eget est lorem ipsum dolor sit amet.', N'Tincidunt praesent semper feugiat nibh. At imperdiet dui accumsan sit amet. Vitae congue mauris rhoncus aenean vel elit scelerisque mauris. Nisl pretium fusce id velit ut tortor pretium viverra. Sollicitudin aliquam ultrices sagittis orci a scelerisque. Volutpat maecenas volutpat blandit aliquam etiam erat velit scelerisque. Ipsum dolor sit amet consectetur adipiscing elit. Tortor vitae purus faucibus ornare suspendisse.', N'Dui sapien eget mi proin sed libero enim sed. Magna fringilla urna porttitor rhoncus dolor purus non enim praesent. Donec ac odio tempor orci dapibus ultrices in. Egestas fringilla phasellus faucibus scelerisque eleifend donec pretium vulputate. Adipiscing vitae proin sagittis nisl rhoncus mattis rhoncus urna. Donec massa sapien faucibus et molestie ac feugiat sed lectus. Sem fringilla ut morbi tincidunt augue interdum. Sed adipiscing diam donec adipiscing tristique.', N'Platea dictumst vestibulum rhoncus est pellentesque elit ullamcorper dignissim cras. Consequat ac felis donec et odio. Diam in arcu cursus euismod.  Malesuada fames ac turpis egestas integer eget aliquet. Nam aliquam sem et tortor consequat id. Viverra tellus in hac habitasse platea dictumst vestibulum. Pretium viverra suspendisse potenti nullam ac. ', N'Purus in massa tempor nec feugiat nisl. Lacinia quis vel eros donec ac odio tempor orci. Aliquam sem et tortor consequat id porta. Egestas tellus rutrum tellus pellentesque eu tincidunt tortor aliquam nulla. Risus viverra adipiscing at in tellus. Ac feugiat sed lectus vestibulum mattis. Ligula ullamcorper malesuada proin libero. Purus semper eget duis at tellus. A erat nam at lectus.

', 23454.0000, 45632.0000, CAST(N'2021-02-23T11:24:20.740' AS DateTime), NULL, 0x01)
INSERT [dbo].[JobPosts] ([jobPostID], [employerID], [jobTitle], [jobType], [field], [description], [responsibilities], [skills], [experiences], [education], [minSalary], [maxSalary], [dateCreated], [dateModified], [jobPostFlag]) VALUES (7, 2, N'Product Promoter', N'Full Time', N'Sales and Finance', N'Maecenas volutpat blandit aliquam etiam erat velit scelerisque in. Nunc id cursus metus aliquam. Quam nulla porttitor massa id. Sit amet consectetur adipiscing elit ut aliquam purus sit. Curabitur gravida arcu ac tortor dignissim convallis aenean. Enim blandit volutpat maecenas volutpat blandit. Ultrices neque ornare aenean euismod elementum nisi quis eleifend quam. Cras semper auctor neque vitae tempus quam pellentesque nec. Orci eu lobortis elementum nibh tellus molestie nunc. Eu turpis egestas pretium aenean pharetra. Elementum integer enim neque volutpat ac tincidunt. Tincidunt arcu non sodales neque sodales. Condimentum mattis pellentesque id nibh.', N'Sed viverra ipsum nunc aliquet bibendum enim facilisis gravida. Egestas sed sed risus pretium quam. Ultricies leo integer malesuada nunc vel risus commodo. Nunc pulvinar sapien et ligula ullamcorper malesuada. Eu tincidunt tortor aliquam nulla facilisi.', N'Rhoncus mattis rhoncus urna neque. Metus vulputate eu scelerisque felis imperdiet proin fermentum leo vel. Ligula ullamcorper malesuada proin libero nunc consequat. Malesuada nunc vel risus commodo viverra. Nulla porttitor massa id neque aliquam vestibulum morbi blandit cursus. Eleifend quam adipiscing vitae proin sagittis nisl rhoncus. Sed risus ultricies tristique nulla. Nisi est sit amet facilisis magna etiam. In fermentum et sollicitudin ac orci phasellus egestas tellus rutrum. Ut pharetra sit amet aliquam id diam. Vivamus at augue eget arcu dictum varius duis at.', N'Lacus laoreet non curabitur gravida arcu ac. Euismod quis viverra nibh cras pulvinar mattis nunc. Congue eu consequat ac felis donec. Suspendisse potenti nullam ac tortor. Scelerisque eu ultrices vitae auctor eu. Quis ipsum suspendisse ultrices gravida. Metus dictum at tempor commodo ullamcorper. In cursus turpis massa tincidunt dui ut. Accumsan lacus vel facilisis volutpat est. Accumsan in nisl nisi scelerisque eu.', N'Neque ornare aenean euismod elementum nisi. Aliquet porttitor lacus luctus accumsan tortor posuere ac. Tincidunt praesent semper feugiat nibh sed. Sapien pellentesque habitant morbi tristique senectus et netus. Ipsum dolor sit amet consectetur adipiscing elit. Tempor commodo ullamcorper a lacus vestibulum sed. Enim neque volutpat ac tincidunt vitae semper quis lectus. Mauris a diam maecenas sed enim. Laoreet suspendisse interdum consectetur libero id faucibus. ', 15300.0000, 25600.0000, CAST(N'2021-02-23T11:26:57.587' AS DateTime), NULL, 0x01)
INSERT [dbo].[JobPosts] ([jobPostID], [employerID], [jobTitle], [jobType], [field], [description], [responsibilities], [skills], [experiences], [education], [minSalary], [maxSalary], [dateCreated], [dateModified], [jobPostFlag]) VALUES (8, 3, N'Insurance Business Solutions Marketing Associate', N'Full Time', N'Marketing', N'Eget felis eget nunc lobortis mattis aliquam faucibus purus. Euismod elementum nisi quis eleifend quam adipiscing vitae proin sagittis. Sit amet nisl suscipit adipiscing bibendum est ultricies. Tristique sollicitudin nibh sit amet commodo. Sit amet purus gravida quis blandit turpis. Eu facilisis sed odio morbi quis commodo odio. Ac turpis egestas maecenas pharetra convallis. Amet justo donec enim diam vulputate ut pharetra sit amet. Vitae tortor condimentum lacinia quis vel. Lorem ipsum dolor sit amet consectetur adipiscing elit. Ultricies lacus sed turpis tincidunt.', N'Quis viverra nibh cras pulvinar mattis. Fringilla est ullamcorper eget nulla facilisi etiam dignissim. Duis tristique sollicitudin nibh sit amet. Netus et malesuada fames ac turpis egestas integer. Nulla at volutpat diam ut venenatis tellus. Amet porttitor eget dolor morbi non arcu risus quis. Aliquet porttitor lacus luctus accumsan. Cursus in hac habitasse platea dictumst. Nulla posuere sollicitudin aliquam ultrices sagittis orci a scelerisque. Nec feugiat nisl pretium fusce id.', N'Tellus integer feugiat scelerisque varius morbi enim nunc faucibus a. Ac turpis egestas maecenas pharetra convallis posuere morbi leo. Blandit turpis cursus in hac habitasse. Egestas purus viverra accumsan in. Risus viverra adipiscing at in tellus integer. Sagittis id consectetur purus ut faucibus pulvinar elementum. Ullamcorper a lacus vestibulum sed arcu non odio. ', N'Turpis egestas maecenas pharetra convallis posuere. Suspendisse interdum consectetur libero id faucibus nisl tincidunt eget nullam. Ultricies lacus sed turpis tincidunt. Nulla facilisi nullam vehicula ipsum a arcu cursus. Congue nisi vitae suscipit tellus mauris. Sit amet venenatis urna cursus. Enim nulla aliquet porttitor lacus luctus accumsan. In arcu cursus euismod quis viverra nibh.', N'Scelerisque eu ultrices vitae auctor eu. Quis ipsum suspendisse ultrices gravida. Metus dictum at tempor commodo ullamcorper. In cursus turpis massa tincidunt dui ut. Accumsan lacus vel facilisis volutpat est. Accumsan in nisl nisi scelerisque eu.', 56900.0000, 87600.0000, CAST(N'2021-02-23T11:38:01.890' AS DateTime), NULL, 0x01)
INSERT [dbo].[JobPosts] ([jobPostID], [employerID], [jobTitle], [jobType], [field], [description], [responsibilities], [skills], [experiences], [education], [minSalary], [maxSalary], [dateCreated], [dateModified], [jobPostFlag]) VALUES (9, 3, N'Life Insurance Marketing Associate', N'Full Time', N'Marketing Group', N'Rhoncus mattis rhoncus urna neque. Metus vulputate eu scelerisque felis imperdiet proin fermentum leo vel. Ligula ullamcorper malesuada proin libero nunc consequat. Malesuada nunc vel risus commodo viverra. Nulla porttitor massa id neque aliquam vestibulum morbi blandit cursus. Eleifend quam adipiscing vitae proin sagittis nisl rhoncus. Sed risus ultricies tristique nulla. Nisi est sit amet facilisis magna etiam. In fermentum et sollicitudin ac orci phasellus egestas tellus rutrum. Ut pharetra sit amet aliquam id diam. Vivamus at augue eget arcu dictum varius duis at.  Eu turpis egestas pretium aenean pharetra. Elementum integer enim neque volutpat ac tincidunt. Tincidunt arcu non sodales neque sodales. Condimentum mattis pellentesque id nibh. Sed viverra ipsum nunc aliquet bibendum enim facilisis gravida. Egestas sed sed risus pretium quam. Ultricies leo integer malesuada nunc vel risus commodo. Nunc pulvinar sapien et ligula ullamcorper malesuada. Eu tincidunt tortor aliquam nulla facilisi.', N'Maecenas volutpat blandit aliquam etiam erat velit scelerisque in. Nunc id cursus metus aliquam. Quam nulla porttitor massa id. Sit amet consectetur adipiscing elit ut aliquam purus sit. Curabitur gravida arcu ac tortor dignissim convallis aenean. Enim blandit volutpat maecenas volutpat blandit. Ultrices neque ornare aenean euismod elementum nisi quis eleifend quam. Cras semper auctor neque vitae tempus quam pellentesque nec. Orci eu lobortis elementum nibh tellus molestie nunc.', N'Rhoncus mattis rhoncus urna neque. Metus vulputate eu scelerisque felis imperdiet proin fermentum leo vel. Ligula ullamcorper malesuada proin libero nunc consequat. Malesuada nunc vel risus commodo viverra. Nulla porttitor massa id neque aliquam vestibulum morbi blandit cursus. Eleifend quam adipiscing vitae proin sagittis nisl rhoncus. Sed risus ultricies tristique nulla. Nisi est sit amet facilisis magna etiam. In fermentum et sollicitudin ac orci phasellus egestas tellus rutrum. Ut pharetra sit amet aliquam id diam. Vivamus at augue eget arcu dictum varius duis at.', N'Neque ornare aenean euismod elementum nisi. Aliquet porttitor lacus luctus accumsan tortor posuere ac. Tincidunt praesent semper feugiat nibh sed. Sapien pellentesque habitant morbi tristique senectus et netus. Ipsum dolor sit amet consectetur adipiscing elit.', N'Tempor commodo ullamcorper a lacus vestibulum sed. Enim neque volutpat ac tincidunt vitae semper quis lectus. Mauris a diam maecenas sed enim. Laoreet suspendisse interdum consectetur libero id faucibus. Turpis egestas maecenas pharetra convallis posuere. Suspendisse interdum consectetur libero id faucibus nisl tincidunt eget nullam.', 45900.0000, 68000.0000, CAST(N'2021-02-23T11:39:47.217' AS DateTime), NULL, 0x01)
INSERT [dbo].[JobPosts] ([jobPostID], [employerID], [jobTitle], [jobType], [field], [description], [responsibilities], [skills], [experiences], [education], [minSalary], [maxSalary], [dateCreated], [dateModified], [jobPostFlag]) VALUES (10, 3, N'Digital Implementation Specialist', N'Full Time', N'Marketing Group', N'Massa vitae tortor condimentum lacinia quis vel. Imperdiet proin fermentum leo vel orci porta non pulvinar. Eget nullam non nisi est sit amet facilisis magna. Viverra orci sagittis eu volutpat odio. Risus nullam eget felis eget nunc lobortis mattis aliquam. Gravida dictum fusce ut placerat orci. Platea dictumst vestibulum rhoncus est pellentesque elit ullamcorper dignissim cras. Scelerisque mauris pellentesque pulvinar pellentesque habitant morbi tristique senectus. Aliquet enim tortor at auctor urna nunc id cursus metus. Ut faucibus pulvinar elementum integer enim neque volutpat ac tincidunt. Lectus urna duis convallis convallis tellus. Sagittis orci a scelerisque purus. Pulvinar mattis nunc sed blandit. Elementum sagittis vitae et leo duis ut. Turpis massa tincidunt dui ut ornare lectus. Facilisi morbi tempus iaculis urna id. Habitant morbi tristique senectus et netus et malesuada fames ac. Vitae elementum curabitur vitae nunc. Magna eget est lorem ipsum dolor sit amet.', N'Tincidunt praesent semper feugiat nibh. At imperdiet dui accumsan sit amet. Vitae congue mauris rhoncus aenean vel elit scelerisque mauris. Nisl pretium fusce id velit ut tortor pretium viverra. Sollicitudin aliquam ultrices sagittis orci a scelerisque. Volutpat maecenas volutpat blandit aliquam etiam erat velit scelerisque. Ipsum dolor sit amet consectetur adipiscing elit. Tortor vitae purus faucibus ornare suspendisse. Dui sapien eget mi proin sed libero enim sed. Magna fringilla urna porttitor rhoncus dolor purus non enim praesent. Donec ac odio tempor orci dapibus ultrices in. Egestas fringilla phasellus faucibus scelerisque eleifend donec pretium vulputate. Adipiscing vitae proin sagittis nisl rhoncus mattis rhoncus urna. Donec massa sapien faucibus et molestie ac feugiat sed lectus. Sem fringilla ut morbi tincidunt augue interdum. Sed adipiscing diam donec adipiscing tristique.', N'Urna molestie at elementum eu facilisis sed. Lectus magna fringilla urna porttitor. Massa sapien faucibus et molestie. Feugiat vivamus at augue eget arcu dictum varius duis at. Vulputate odio ut enim blandit volutpat maecenas. Praesent semper feugiat nibh sed pulvinar proin gravida.', N'Aliquet enim tortor at auctor urna nunc id. Neque laoreet suspendisse interdum consectetur. Vitae tempus quam pellentesque nec nam aliquam sem. Sit amet mattis vulputate enim nulla. Sem et tortor consequat id porta.', N'Malesuada fames ac turpis egestas integer eget aliquet. Nam aliquam sem et tortor consequat id. Viverra tellus in hac habitasse platea dictumst vestibulum. Pretium viverra suspendisse potenti nullam ac. Purus in massa tempor nec feugiat nisl. Lacinia quis vel eros donec ac odio tempor orci. Aliquam sem et tortor consequat id porta.', 78500.0000, 125000.0000, CAST(N'2021-02-23T11:41:05.993' AS DateTime), NULL, 0x01)
INSERT [dbo].[JobPosts] ([jobPostID], [employerID], [jobTitle], [jobType], [field], [description], [responsibilities], [skills], [experiences], [education], [minSalary], [maxSalary], [dateCreated], [dateModified], [jobPostFlag]) VALUES (11, 3, N'Investment Writer - Retirement', N'Full Time', N'Marketing Group', N'Platea dictumst vestibulum rhoncus est pellentesque elit ullamcorper dignissim cras. Consequat ac felis donec et odio. Diam in arcu cursus euismod. Urna molestie at elementum eu facilisis sed. Lectus magna fringilla urna porttitor. Massa sapien faucibus et molestie. Feugiat vivamus at augue eget arcu dictum varius duis at. Vulputate odio ut enim blandit volutpat maecenas. Praesent semper feugiat nibh sed pulvinar proin gravida. Aliquet enim tortor at auctor urna nunc id. Neque laoreet suspendisse interdum consectetur. Vitae tempus quam pellentesque nec nam aliquam sem. Sit amet mattis vulputate enim nulla. Sem et tortor consequat id porta.', N'Purus in massa tempor nec feugiat nisl. Lacinia quis vel eros donec ac odio tempor orci. Aliquam sem et tortor consequat id porta. Egestas tellus rutrum tellus pellentesque eu tincidunt tortor aliquam nulla. Risus viverra adipiscing at in tellus. Ac feugiat sed lectus vestibulum mattis. Ligula ullamcorper malesuada proin libero. Purus semper eget duis at tellus. A erat nam at lectus.', N'Maecenas volutpat blandit aliquam etiam erat velit scelerisque in. Nunc id cursus metus aliquam. Quam nulla porttitor massa id. Sit amet consectetur adipiscing elit ut aliquam purus sit. Curabitur gravida arcu ac tortor dignissim convallis aenean. Enim blandit volutpat maecenas volutpat blandit.', N'Ultrices neque ornare aenean euismod elementum nisi quis eleifend quam. Cras semper auctor neque vitae tempus quam pellentesque nec. Orci eu lobortis elementum nibh tellus molestie nunc. Eu turpis egestas pretium aenean pharetra. Elementum integer enim neque volutpat ac tincidunt. Tincidunt arcu non sodales neque sodales.', N'Condimentum mattis pellentesque id nibh. Sed viverra ipsum nunc aliquet bibendum enim facilisis gravida. Egestas sed sed risus pretium quam. Ultricies leo integer malesuada nunc vel risus commodo. Nunc pulvinar sapien et ligula ullamcorper malesuada. Eu tincidunt tortor aliquam nulla facilisi.', 89600.0000, 100000.0000, CAST(N'2021-02-23T11:42:20.353' AS DateTime), NULL, 0x01)
INSERT [dbo].[JobPosts] ([jobPostID], [employerID], [jobTitle], [jobType], [field], [description], [responsibilities], [skills], [experiences], [education], [minSalary], [maxSalary], [dateCreated], [dateModified], [jobPostFlag]) VALUES (12, 3, N'Apply General Director, Implementation, Sales & Distribution', N'Full Time', N'Marketing Group', N'Rhoncus mattis rhoncus urna neque. Metus vulputate eu scelerisque felis imperdiet proin fermentum leo vel. Ligula ullamcorper malesuada proin libero nunc consequat. Malesuada nunc vel risus commodo viverra. Nulla porttitor massa id neque aliquam vestibulum morbi blandit cursus. Eleifend quam adipiscing vitae proin sagittis nisl rhoncus. Sed risus ultricies tristique nulla. Nisi est sit amet facilisis magna etiam. In fermentum et sollicitudin ac orci phasellus egestas tellus rutrum. Ut pharetra sit amet aliquam id diam. Vivamus at augue eget arcu dictum varius duis at.', N'Lacus laoreet non curabitur gravida arcu ac. Euismod quis viverra nibh cras pulvinar mattis nunc. Congue eu consequat ac felis donec. Suspendisse potenti nullam ac tortor. Scelerisque eu ultrices vitae auctor eu. Quis ipsum suspendisse ultrices gravida. Metus dictum at tempor commodo ullamcorper. In cursus turpis massa tincidunt dui ut. Accumsan lacus vel facilisis volutpat est. Accumsan in nisl nisi scelerisque eu.', N'Eget nullam non nisi est sit amet facilisis magna. Viverra orci sagittis eu volutpat odio. Risus nullam eget felis eget nunc lobortis mattis aliquam. Gravida dictum fusce ut placerat orci. Platea dictumst vestibulum rhoncus est pellentesque elit ullamcorper dignissim cras. Scelerisque mauris pellentesque pulvinar pellentesque habitant morbi tristique senectus. Aliquet enim tortor at auctor urna nunc id cursus metus. Ut faucibus pulvinar elementum integer enim neque volutpat ac tincidunt. ', N'Lectus urna duis convallis convallis tellus. Sagittis orci a scelerisque purus. Pulvinar mattis nunc sed blandit. Elementum sagittis vitae et leo duis ut. Turpis massa tincidunt dui ut ornare lectus.', N'Facilisi morbi tempus iaculis urna id. Habitant morbi tristique senectus et netus et malesuada fames ac. Vitae elementum curabitur vitae nunc. Magna eget est lorem ipsum dolor sit amet.', 69500.0000, 98600.0000, CAST(N'2021-02-23T11:43:59.630' AS DateTime), NULL, 0x01)
INSERT [dbo].[JobPosts] ([jobPostID], [employerID], [jobTitle], [jobType], [field], [description], [responsibilities], [skills], [experiences], [education], [minSalary], [maxSalary], [dateCreated], [dateModified], [jobPostFlag]) VALUES (13, 3, N'Creative Services Associate', N'Full Time', N'Marketing Group', N'Tincidunt praesent semper feugiat nibh. At imperdiet dui accumsan sit amet. Vitae congue mauris rhoncus aenean vel elit scelerisque mauris. Nisl pretium fusce id velit ut tortor pretium viverra. Sollicitudin aliquam ultrices sagittis orci a scelerisque. Volutpat maecenas volutpat blandit aliquam etiam erat velit scelerisque. Ipsum dolor sit amet consectetur adipiscing elit. Malesuada fames ac turpis egestas integer eget aliquet. Nam aliquam sem et tortor consequat id. Viverra tellus in hac habitasse platea dictumst vestibulum. Pretium viverra suspendisse potenti nullam ac. Purus in massa tempor nec feugiat nisl. Lacinia quis vel eros donec ac odio tempor orci. Aliquam sem et tortor consequat id porta. Egestas tellus rutrum tellus pellentesque eu tincidunt tortor aliquam nulla. Risus viverra adipiscing at in tellus. Ac feugiat sed lectus vestibulum mattis. Ligula ullamcorper malesuada proin libero. Purus semper eget duis at tellus. A erat nam at lectus.', N'Tortor vitae purus faucibus ornare suspendisse. Dui sapien eget mi proin sed libero enim sed. Magna fringilla urna porttitor rhoncus dolor purus non enim praesent. Donec ac odio tempor orci dapibus ultrices in. Egestas fringilla phasellus faucibus scelerisque eleifend donec pretium vulputate. Adipiscing vitae proin sagittis nisl rhoncus mattis rhoncus urna. Donec massa sapien faucibus et molestie ac feugiat sed lectus. Sem fringilla ut morbi tincidunt augue interdum. Sed adipiscing diam donec adipiscing tristique.', N'Platea dictumst vestibulum rhoncus est pellentesque elit ullamcorper dignissim cras. Consequat ac felis donec et odio. Diam in arcu cursus euismod. Urna molestie at elementum eu facilisis sed. Lectus magna fringilla urna porttitor. Massa sapien faucibus et molestie. Feugiat vivamus at augue eget arcu dictum varius duis at.', N' Vulputate odio ut enim blandit volutpat maecenas. Praesent semper feugiat nibh sed pulvinar proin gravida. Aliquet enim tortor at auctor urna nunc id. Neque laoreet suspendisse interdum consectetur. Vitae tempus quam pellentesque nec nam aliquam sem. Sit amet mattis vulputate enim nulla. Sem et tortor consequat id porta.', N'Maecenas volutpat blandit aliquam etiam erat velit scelerisque in. Nunc id cursus metus aliquam. Quam nulla porttitor massa id. Sit amet consectetur adipiscing elit ut aliquam purus sit.', 54800.0000, 65300.0000, CAST(N'2021-02-23T11:45:46.310' AS DateTime), NULL, 0x01)
INSERT [dbo].[JobPosts] ([jobPostID], [employerID], [jobTitle], [jobType], [field], [description], [responsibilities], [skills], [experiences], [education], [minSalary], [maxSalary], [dateCreated], [dateModified], [jobPostFlag]) VALUES (14, 4, N'Sales Admin Staff', N'Part Time', N'Finance', N'Curabitur gravida arcu ac tortor dignissim convallis aenean. Enim blandit volutpat maecenas volutpat blandit. Ultrices neque ornare aenean euismod elementum nisi quis eleifend quam. Cras semper auctor neque vitae tempus quam pellentesque nec. Orci eu lobortis elementum nibh tellus molestie nunc. Eu turpis egestas pretium aenean pharetra. Elementum integer enim neque volutpat ac tincidunt. Tincidunt arcu non sodales neque sodales. Condimentum mattis pellentesque id nibh. Sed viverra ipsum nunc aliquet bibendum enim facilisis gravida. Egestas sed sed risus pretium quam. Ultricies leo integer malesuada nunc vel risus commodo. Nunc pulvinar sapien et ligula ullamcorper malesuada. Eu tincidunt tortor aliquam nulla facilisi.', N'Rhoncus mattis rhoncus urna neque. Metus vulputate eu scelerisque felis imperdiet proin fermentum leo vel. Ligula ullamcorper malesuada proin libero nunc consequat. Malesuada nunc vel risus commodo viverra. Nulla porttitor massa id neque aliquam vestibulum morbi blandit cursus. Eleifend quam adipiscing vitae proin sagittis nisl rhoncus. Sed risus ultricies tristique nulla. Nisi est sit amet facilisis magna etiam. In fermentum et sollicitudin ac orci phasellus egestas tellus rutrum. Ut pharetra sit amet aliquam id diam. Vivamus at augue eget arcu dictum varius duis at.', N'Lacus laoreet non curabitur gravida arcu ac. Euismod quis viverra nibh cras pulvinar mattis nunc. Congue eu consequat ac felis donec. Suspendisse potenti nullam ac tortor. Scelerisque eu ultrices vitae auctor eu. Quis ipsum suspendisse ultrices gravida. Metus dictum at tempor commodo ullamcorper. In cursus turpis massa tincidunt dui ut. Accumsan lacus vel facilisis volutpat est. Accumsan in nisl nisi scelerisque eu.', N'Neque ornare aenean euismod elementum nisi. Aliquet porttitor lacus luctus accumsan tortor posuere ac. Tincidunt praesent semper feugiat nibh sed. Sapien pellentesque habitant morbi tristique senectus et netus. Ipsum dolor sit amet consectetur adipiscing elit. Tempor commodo ullamcorper a lacus vestibulum sed. Enim neque volutpat ac tincidunt vitae semper quis lectus. Mauris a diam maecenas sed enim. ', N'Laoreet suspendisse interdum consectetur libero id faucibus. Turpis egestas maecenas pharetra convallis posuere. Suspendisse interdum consectetur libero id faucibus nisl tincidunt eget nullam. Ultricies lacus sed turpis tincidunt. Nulla facilisi nullam vehicula ipsum a arcu cursus. Congue nisi vitae suscipit tellus mauris. Sit amet venenatis urna cursus. Enim nulla aliquet porttitor lacus luctus accumsan. In arcu cursus euismod quis viverra nibh.

', 56000.0000, 65000.0000, CAST(N'2021-02-23T11:50:56.607' AS DateTime), NULL, 0x01)
INSERT [dbo].[JobPosts] ([jobPostID], [employerID], [jobTitle], [jobType], [field], [description], [responsibilities], [skills], [experiences], [education], [minSalary], [maxSalary], [dateCreated], [dateModified], [jobPostFlag]) VALUES (15, 4, N'PHP Developer', N'Full Time', N'Information Technology', N'Laoreet suspendisse interdum consectetur libero id faucibus. Turpis egestas maecenas pharetra convallis posuere. Suspendisse interdum consectetur libero id faucibus nisl tincidunt eget nullam. Ultricies lacus sed turpis tincidunt. Nulla facilisi nullam vehicula ipsum a arcu cursus. Congue nisi vitae suscipit tellus mauris. Sit amet venenatis urna cursus. Enim nulla aliquet porttitor lacus luctus accumsan. In arcu cursus euismod quis viverra nibh. Neque ornare aenean euismod elementum nisi. Aliquet porttitor lacus luctus accumsan tortor posuere ac. Tincidunt praesent semper feugiat nibh sed. Sapien pellentesque habitant morbi tristique senectus et netus. Ipsum dolor sit amet consectetur adipiscing elit. Tempor commodo ullamcorper a lacus vestibulum sed. Enim neque volutpat ac tincidunt vitae semper quis lectus. Mauris a diam maecenas sed enim.', N'Tellus integer feugiat scelerisque varius morbi enim nunc faucibus a. Ac turpis egestas maecenas pharetra convallis posuere morbi leo. Blandit turpis cursus in hac habitasse. Egestas purus viverra accumsan in. Eget felis eget nunc lobortis mattis aliquam faucibus purus. Euismod elementum nisi quis eleifend quam adipiscing vitae proin sagittis. Sit amet nisl suscipit adipiscing bibendum est ultricies. Tristique sollicitudin nibh sit amet commodo. Sit amet purus gravida quis blandit turpis. Eu facilisis sed odio morbi quis commodo odio. Ac turpis egestas maecenas pharetra convallis. Amet justo donec enim diam vulputate ut pharetra sit amet. Vitae tortor condimentum lacinia quis vel. Lorem ipsum dolor sit amet consectetur adipiscing elit. Ultricies lacus sed turpis tincidunt.', N'Nulla at volutpat diam ut venenatis tellus. Amet porttitor eget dolor morbi non arcu risus quis. Aliquet porttitor lacus luctus accumsan. Cursus in hac habitasse platea dictumst. Nulla posuere sollicitudin aliquam ultrices sagittis orci a scelerisque. Nec feugiat nisl pretium fusce id.', N'Enim neque volutpat ac tincidunt vitae semper quis lectus. Mauris a diam maecenas sed enim. Laoreet suspendisse interdum consectetur libero id faucibus. Turpis egestas maecenas pharetra convallis posuere. Suspendisse interdum consectetur libero id faucibus nisl tincidunt eget nullam. Ultricies lacus sed turpis tincidunt. Nulla facilisi nullam vehicula ipsum a arcu cursus. Congue nisi vitae suscipit tellus mauris. Sit amet venenatis urna cursus. Enim nulla aliquet porttitor lacus luctus accumsan. In arcu cursus euismod quis viverra nibh.', N'Nisi est sit amet facilisis magna etiam. In fermentum et sollicitudin ac orci phasellus egestas tellus rutrum. Ut pharetra sit amet aliquam id diam. Vivamus at augue eget arcu dictum varius duis at.', 25600.0000, 38900.0000, CAST(N'2021-02-23T11:57:14.157' AS DateTime), NULL, 0x01)
INSERT [dbo].[JobPosts] ([jobPostID], [employerID], [jobTitle], [jobType], [field], [description], [responsibilities], [skills], [experiences], [education], [minSalary], [maxSalary], [dateCreated], [dateModified], [jobPostFlag]) VALUES (16, 1, N'Process Management And Audit', N'Full Time', N'Performance, Risk and Audit', N'Maecenas accumsan lacus vel facilisis volutpat est velit. Pellentesque habitant morbi tristique senectus et netus et malesuada. Vestibulum rhoncus est pellentesque elit ullamcorper dignissim. Vitae suscipit tellus mauris a diam maecenas sed enim. Facilisis leo vel fringilla est. Enim facilisis gravida neque convallis a cras semper auctor. Cum sociis natoque penatibus et magnis. Et netus et malesuada fames ac turpis egestas. Ut sem viverra aliquet eget sit. Nunc non blandit massa enim nec dui nunc mattis. Eget nunc scelerisque viverra mauris in aliquam sem fringilla.', N'Vitae turpis massa sed elementum tempus egestas. Magna sit amet purus gravida quis blandit turpis cursus in. Quis hendrerit dolor magna eget est. Id semper risus in hendrerit. Sagittis nisl rhoncus mattis rhoncus. Bibendum neque egestas congue quisque egestas diam. Sapien faucibus et molestie ac feugiat sed lectus vestibulum mattis. Magna sit amet purus gravida. Tortor posuere ac ut consequat semper viverra. ', N'Urna cursus eget nunc scelerisque viverra mauris in. Venenatis tellus in metus vulputate eu scelerisque. Neque laoreet suspendisse interdum consectetur libero id faucibus nisl. ', N'Vel elit scelerisque mauris pellentesque pulvinar pellentesque habitant morbi. Id nibh tortor id aliquet lectus proin. Sit amet mattis vulputate enim nulla aliquet porttitor lacus. Mattis pellentesque id nibh tortor id aliquet. Pretium viverra suspendisse potenti nullam ac tortor vitae purus.', N'Mattis enim ut tellus elementum. Libero id faucibus nisl tincidunt eget nullam non nisi est. Sit amet consectetur adipiscing elit pellentesque habitant.', 45360.0000, 65300.0000, CAST(N'2021-02-23T18:09:09.583' AS DateTime), NULL, 0x01)
INSERT [dbo].[JobPosts] ([jobPostID], [employerID], [jobTitle], [jobType], [field], [description], [responsibilities], [skills], [experiences], [education], [minSalary], [maxSalary], [dateCreated], [dateModified], [jobPostFlag]) VALUES (24, 1, N'Care Management Non-Clinical Voice', N'Full Time', N'Business Process Delivery', N'Tellus rutrum tellus pellentesque eu tincidunt tortor aliquam nulla. Donec massa sapien faucibus et molestie ac feugiat. Eu facilisis sed odio morbi. Magnis dis parturient montes nascetur ridiculus mus mauris vitae ultricies. Elementum pulvinar etiam non quam lacus suspendisse faucibus interdum posuere. Malesuada fames ac turpis egestas maecenas. Et tortor consequat id porta nibh venenatis cras sed felis. Tristique et egestas quis ipsum suspendisse ultrices. Nibh sed pulvinar proin gravida hendrerit. Gravida rutrum quisque non tellus orci.', N'Risus ultricies tristique nulla aliquet enim. Urna porttitor rhoncus dolor purus non enim. Aliquet lectus proin nibh nisl. Lacus vel facilisis volutpat est velit egestas. Blandit massa enim nec dui nunc mattis enim. Id faucibus nisl tincidunt eget nullam non. A iaculis at erat pellentesque adipiscing commodo. ', N'Lorem ipsum dolor sit amet. Ut diam quam nulla porttitor massa id neque. Tortor aliquam nulla facilisi cras fermentum odio eu feugiat. Mus mauris vitae ultricies leo integer malesuada nunc vel. Elementum nisi quis eleifend quam adipiscing vitae proin. Turpis tincidunt id aliquet risus feugiat in ante. Neque laoreet suspendisse interdum consectetur libero id faucibus.', N'Morbi tempus iaculis urna id volutpat lacus laoreet non curabitur. Maecenas sed enim ut sem viverra aliquet eget. Aenean sed adipiscing diam donec adipiscing tristique risus nec feugiat.', N'Sagittis aliquam malesuada bibendum arcu vitae elementum curabitur. Amet consectetur adipiscing elit duis tristique. Pharetra sit amet aliquam id diam. In fermentum posuere urna nec. Phasellus egestas tellus rutrum tellus pellentesque eu.', 23600.0000, 35600.0000, CAST(N'2021-02-23T20:34:20.910' AS DateTime), NULL, 0x01)
SET IDENTITY_INSERT [dbo].[JobPosts] OFF
GO
SET IDENTITY_INSERT [dbo].[Applications] ON 

INSERT [dbo].[Applications] ([applicationID], [jobPostID], [jobseekerID], [headline], [description], [education], [skills], [experiences], [lastUpdated], [status], [dateApplied], [dateStatus]) VALUES (1, 1, 1, N'Full Stack Developer', N'Lorem ipsum dolor sit amet, consectetur adipiscing elit. Nullam faucibus varius porttitor. Morbi euismod, nulla et ultricies consequat, urna nulla mattis nulla, tincidunt auctor arcu enim vitae ante. Duis sed malesuada metus, ullamcorper consequat tellus. In gravida tortor ac metus laoreet, in ultrices justo gravida. Suspendisse non eros et ligula tempus ornare. Nullam quis sagittis lectus, ut sollicitudin erat. Nam suscipit, velit vestibulum blandit rhoncus, leo mi auctor eros, ac malesuada nulla diam eu odio.', N'Maecenas eget nibh eget felis vulputate porta sed non lacus. Morbi malesuada urna quis dolor feugiat tincidunt. Sed fringilla tempus nisi, vitae condimentum justo scelerisque in. Vestibulum id tortor in neque viverra aliquam. Mauris pharetra et est sed pellentesque. Cras posuere vulputate lobortis. In hac habitasse platea dictumst. Aliquam aliquet posuere ante et porta. Suspendisse tempor ut lorem et euismod. Aenean sit amet metus ornare, consectetur arcu vel, tincidunt dolor.', N'Etiam luctus a leo non commodo. Donec hendrerit, mi ac condimentum egestas, sapien velit condimentum lacus, eu vehicula est libero quis tortor. In accumsan ornare dictum. Pellentesque porttitor suscipit interdum. Nam non velit consequat tellus bibendum sollicitudin. Etiam pellentesque pulvinar nunc id ultricies.', N'Aliquam ut pharetra sapien. Quisque ut iaculis augue, et commodo enim. Phasellus sed congue augue, vel interdum ipsum. Nunc nunc eros, iaculis in rhoncus eget, tristique vel lacus.', N'Feb 23 2021 10:34AM', N'Hired', CAST(N'2021-02-23T10:56:24.960' AS DateTime), CAST(N'2021-02-23T11:07:30.320' AS DateTime))
INSERT [dbo].[Applications] ([applicationID], [jobPostID], [jobseekerID], [headline], [description], [education], [skills], [experiences], [lastUpdated], [status], [dateApplied], [dateStatus]) VALUES (2, 4, 1, N'Full Stack Developer', N'Lorem ipsum dolor sit amet, consectetur adipiscing elit. Nullam faucibus varius porttitor. Morbi euismod, nulla et ultricies consequat, urna nulla mattis nulla, tincidunt auctor arcu enim vitae ante. Duis sed malesuada metus, ullamcorper consequat tellus. In gravida tortor ac metus laoreet, in ultrices justo gravida. Suspendisse non eros et ligula tempus ornare. Nullam quis sagittis lectus, ut sollicitudin erat. Nam suscipit, velit vestibulum blandit rhoncus, leo mi auctor eros, ac malesuada nulla diam eu odio.', N'Maecenas eget nibh eget felis vulputate porta sed non lacus. Morbi malesuada urna quis dolor feugiat tincidunt. Sed fringilla tempus nisi, vitae condimentum justo scelerisque in. Vestibulum id tortor in neque viverra aliquam. Mauris pharetra et est sed pellentesque. Cras posuere vulputate lobortis. In hac habitasse platea dictumst. Aliquam aliquet posuere ante et porta. Suspendisse tempor ut lorem et euismod. Aenean sit amet metus ornare, consectetur arcu vel, tincidunt dolor.', N'Etiam luctus a leo non commodo. Donec hendrerit, mi ac condimentum egestas, sapien velit condimentum lacus, eu vehicula est libero quis tortor. In accumsan ornare dictum. Pellentesque porttitor suscipit interdum. Nam non velit consequat tellus bibendum sollicitudin. Etiam pellentesque pulvinar nunc id ultricies.', N'Aliquam ut pharetra sapien. Quisque ut iaculis augue, et commodo enim. Phasellus sed congue augue, vel interdum ipsum. Nunc nunc eros, iaculis in rhoncus eget, tristique vel lacus.', N'Feb 23 2021 10:34AM', N'Pending', CAST(N'2021-02-23T11:02:36.280' AS DateTime), NULL)
INSERT [dbo].[Applications] ([applicationID], [jobPostID], [jobseekerID], [headline], [description], [education], [skills], [experiences], [lastUpdated], [status], [dateApplied], [dateStatus]) VALUES (3, 2, 1, N'Full Stack Developer', N'Lorem ipsum dolor sit amet, consectetur adipiscing elit. Nullam faucibus varius porttitor. Morbi euismod, nulla et ultricies consequat, urna nulla mattis nulla, tincidunt auctor arcu enim vitae ante. Duis sed malesuada metus, ullamcorper consequat tellus. In gravida tortor ac metus laoreet, in ultrices justo gravida. Suspendisse non eros et ligula tempus ornare. Nullam quis sagittis lectus, ut sollicitudin erat. Nam suscipit, velit vestibulum blandit rhoncus, leo mi auctor eros, ac malesuada nulla diam eu odio.', N'Maecenas eget nibh eget felis vulputate porta sed non lacus. Morbi malesuada urna quis dolor feugiat tincidunt. Sed fringilla tempus nisi, vitae condimentum justo scelerisque in. Vestibulum id tortor in neque viverra aliquam. Mauris pharetra et est sed pellentesque. Cras posuere vulputate lobortis. In hac habitasse platea dictumst. Aliquam aliquet posuere ante et porta. Suspendisse tempor ut lorem et euismod. Aenean sit amet metus ornare, consectetur arcu vel, tincidunt dolor.', N'Etiam luctus a leo non commodo. Donec hendrerit, mi ac condimentum egestas, sapien velit condimentum lacus, eu vehicula est libero quis tortor. In accumsan ornare dictum. Pellentesque porttitor suscipit interdum. Nam non velit consequat tellus bibendum sollicitudin. Etiam pellentesque pulvinar nunc id ultricies.', N'Aliquam ut pharetra sapien. Quisque ut iaculis augue, et commodo enim. Phasellus sed congue augue, vel interdum ipsum. Nunc nunc eros, iaculis in rhoncus eget, tristique vel lacus.', N'Feb 23 2021 10:34AM', N'Hired', CAST(N'2021-02-23T11:02:41.587' AS DateTime), CAST(N'2021-02-23T12:08:07.213' AS DateTime))
INSERT [dbo].[Applications] ([applicationID], [jobPostID], [jobseekerID], [headline], [description], [education], [skills], [experiences], [lastUpdated], [status], [dateApplied], [dateStatus]) VALUES (4, 5, 1, N'Full Stack Developer', N'Lorem ipsum dolor sit amet, consectetur adipiscing elit. Nullam faucibus varius porttitor. Morbi euismod, nulla et ultricies consequat, urna nulla mattis nulla, tincidunt auctor arcu enim vitae ante. Duis sed malesuada metus, ullamcorper consequat tellus. In gravida tortor ac metus laoreet, in ultrices justo gravida. Suspendisse non eros et ligula tempus ornare. Nullam quis sagittis lectus, ut sollicitudin erat. Nam suscipit, velit vestibulum blandit rhoncus, leo mi auctor eros, ac malesuada nulla diam eu odio.', N'Maecenas eget nibh eget felis vulputate porta sed non lacus. Morbi malesuada urna quis dolor feugiat tincidunt. Sed fringilla tempus nisi, vitae condimentum justo scelerisque in. Vestibulum id tortor in neque viverra aliquam. Mauris pharetra et est sed pellentesque. Cras posuere vulputate lobortis. In hac habitasse platea dictumst. Aliquam aliquet posuere ante et porta. Suspendisse tempor ut lorem et euismod. Aenean sit amet metus ornare, consectetur arcu vel, tincidunt dolor.', N'Etiam luctus a leo non commodo. Donec hendrerit, mi ac condimentum egestas, sapien velit condimentum lacus, eu vehicula est libero quis tortor. In accumsan ornare dictum. Pellentesque porttitor suscipit interdum. Nam non velit consequat tellus bibendum sollicitudin. Etiam pellentesque pulvinar nunc id ultricies.', N'Aliquam ut pharetra sapien. Quisque ut iaculis augue, et commodo enim. Phasellus sed congue augue, vel interdum ipsum. Nunc nunc eros, iaculis in rhoncus eget, tristique vel lacus.', N'Feb 23 2021 10:34AM', N'Pending', CAST(N'2021-02-23T11:25:05.947' AS DateTime), NULL)
INSERT [dbo].[Applications] ([applicationID], [jobPostID], [jobseekerID], [headline], [description], [education], [skills], [experiences], [lastUpdated], [status], [dateApplied], [dateStatus]) VALUES (5, 10, 1, N'Full Stack Developer', N'Lorem ipsum dolor sit amet, consectetur adipiscing elit. Nullam faucibus varius porttitor. Morbi euismod, nulla et ultricies consequat, urna nulla mattis nulla, tincidunt auctor arcu enim vitae ante. Duis sed malesuada metus, ullamcorper consequat tellus. In gravida tortor ac metus laoreet, in ultrices justo gravida. Suspendisse non eros et ligula tempus ornare. Nullam quis sagittis lectus, ut sollicitudin erat. Nam suscipit, velit vestibulum blandit rhoncus, leo mi auctor eros, ac malesuada nulla diam eu odio.', N'Maecenas eget nibh eget felis vulputate porta sed non lacus. Morbi malesuada urna quis dolor feugiat tincidunt. Sed fringilla tempus nisi, vitae condimentum justo scelerisque in. Vestibulum id tortor in neque viverra aliquam. Mauris pharetra et est sed pellentesque. Cras posuere vulputate lobortis. In hac habitasse platea dictumst. Aliquam aliquet posuere ante et porta. Suspendisse tempor ut lorem et euismod. Aenean sit amet metus ornare, consectetur arcu vel, tincidunt dolor.', N'Etiam luctus a leo non commodo. Donec hendrerit, mi ac condimentum egestas, sapien velit condimentum lacus, eu vehicula est libero quis tortor. In accumsan ornare dictum. Pellentesque porttitor suscipit interdum. Nam non velit consequat tellus bibendum sollicitudin. Etiam pellentesque pulvinar nunc id ultricies.', N'Aliquam ut pharetra sapien. Quisque ut iaculis augue, et commodo enim. Phasellus sed congue augue, vel interdum ipsum. Nunc nunc eros, iaculis in rhoncus eget, tristique vel lacus.', N'Feb 23 2021 10:34AM', N'Pending', CAST(N'2021-02-23T11:52:50.150' AS DateTime), NULL)
INSERT [dbo].[Applications] ([applicationID], [jobPostID], [jobseekerID], [headline], [description], [education], [skills], [experiences], [lastUpdated], [status], [dateApplied], [dateStatus]) VALUES (6, 15, 1, N'Full Stack Developer', N'Lorem ipsum dolor sit amet, consectetur adipiscing elit. Nullam faucibus varius porttitor. Morbi euismod, nulla et ultricies consequat, urna nulla mattis nulla, tincidunt auctor arcu enim vitae ante. Duis sed malesuada metus, ullamcorper consequat tellus. In gravida tortor ac metus laoreet, in ultrices justo gravida. Suspendisse non eros et ligula tempus ornare. Nullam quis sagittis lectus, ut sollicitudin erat. Nam suscipit, velit vestibulum blandit rhoncus, leo mi auctor eros, ac malesuada nulla diam eu odio.', N'Maecenas eget nibh eget felis vulputate porta sed non lacus. Morbi malesuada urna quis dolor feugiat tincidunt. Sed fringilla tempus nisi, vitae condimentum justo scelerisque in. Vestibulum id tortor in neque viverra aliquam. Mauris pharetra et est sed pellentesque. Cras posuere vulputate lobortis. In hac habitasse platea dictumst. Aliquam aliquet posuere ante et porta. Suspendisse tempor ut lorem et euismod. Aenean sit amet metus ornare, consectetur arcu vel, tincidunt dolor.', N'Etiam luctus a leo non commodo. Donec hendrerit, mi ac condimentum egestas, sapien velit condimentum lacus, eu vehicula est libero quis tortor. In accumsan ornare dictum. Pellentesque porttitor suscipit interdum. Nam non velit consequat tellus bibendum sollicitudin. Etiam pellentesque pulvinar nunc id ultricies.', N'Aliquam ut pharetra sapien. Quisque ut iaculis augue, et commodo enim. Phasellus sed congue augue, vel interdum ipsum. Nunc nunc eros, iaculis in rhoncus eget, tristique vel lacus.', N'Feb 23 2021 10:34AM', N'Hired', CAST(N'2021-02-23T11:57:23.943' AS DateTime), CAST(N'2021-02-23T11:58:11.143' AS DateTime))
INSERT [dbo].[Applications] ([applicationID], [jobPostID], [jobseekerID], [headline], [description], [education], [skills], [experiences], [lastUpdated], [status], [dateApplied], [dateStatus]) VALUES (20, 16, 1, N'Full Stack Developer', N'Iaculis eu non diam phasellus. Vel fringilla est ullamcorper eget nulla. Etiam non quam lacus suspendisse. Amet venenatis urna cursus eget nunc. At tellus at urna condimentum mattis. Semper auctor neque vitae tempus quam. Ut enim blandit volutpat maecenas volutpat blandit aliquam. Amet justo donec enim diam. Elit ut aliquam purus sit amet. Est ullamcorper eget nulla facilisi. Netus et malesuada fames ac turpis egestas maecenas pharetra. Interdum varius sit amet mattis. Amet consectetur adipiscing elit duis. Massa vitae tortor condimentum lacinia quis vel eros. Fringilla urna porttitor rhoncus dolor purus. Ipsum faucibus vitae aliquet nec ullamcorper sit amet risus.', N'Tempor orci eu lobortis elementum nibh tellus molestie. Arcu odio ut sem nulla pharetra diam sit amet nisl. Tempus urna et pharetra pharetra massa massa ultricies. Id aliquet risus feugiat in ante metus dictum. Consectetur a erat nam at lectus urna duis convallis. Feugiat sed lectus vestibulum mattis ullamcorper.', N'Egestas egestas fringilla phasellus faucibus scelerisque eleifend donec. Scelerisque viverra mauris in aliquam sem fringilla ut morbi tincidunt. Nisl condimentum id venenatis a condimentum. Amet nulla facilisi morbi tempus iaculis urna id volutpat. Interdum velit laoreet id donec. Enim lobortis scelerisque fermentum dui. ', N'Feugiat in fermentum posuere urna. Amet nisl purus in mollis nunc. Ante in nibh mauris cursus mattis. Aenean sed adipiscing diam donec adipiscing tristique risus. Sit amet tellus cras adipiscing enim eu turpis.', N'Feb 23 2021  7:17PM', N'Pending', CAST(N'2021-02-24T10:27:06.577' AS DateTime), NULL)
INSERT [dbo].[Applications] ([applicationID], [jobPostID], [jobseekerID], [headline], [description], [education], [skills], [experiences], [lastUpdated], [status], [dateApplied], [dateStatus]) VALUES (21, 5, 2, N'Product Designer', N'Lorem ipsum dolor sit amet, consectetur adipiscing elit, sed do eiusmod tempor incididunt ut labore et dolore magna aliqua. Euismod quis viverra nibh cras pulvinar. Augue interdum velit euismod in pellentesque massa placerat duis. Donec pretium vulputate sapien nec sagittis. Tortor vitae purus faucibus ornare suspendisse. Odio morbi quis commodo odio aenean sed adipiscing diam donec. Aliquam ut porttitor leo a diam sollicitudin tempor id eu. Odio pellentesque diam volutpat commodo sed. Pretium lectus quam id leo in vitae turpis. Aenean euismod elementum nisi quis eleifend quam adipiscing vitae proin. Pretium aenean pharetra magna ac. Leo a diam sollicitudin tempor id eu nisl nunc. Quis varius quam quisque id diam vel quam. Egestas diam in arcu cursus euismod quis viverra nibh.', N'Elit sed vulputate mi sit. Pulvinar neque laoreet suspendisse interdum consectetur libero id faucibus. Mattis rhoncus urna neque viverra justo. Gravida neque convallis a cras semper auctor neque vitae. Nunc sed id semper risus in hendrerit. In massa tempor nec feugiat. Lacus suspendisse faucibus interdum posuere lorem ipsum dolor sit. ', N'Purus sit amet volutpat consequat mauris nunc congue nisi. Nascetur ridiculus mus mauris vitae ultricies leo integer. Et malesuada fames ac turpis egestas integer eget. Ornare suspendisse sed nisi lacus sed viverra tellus. Nulla facilisi morbi tempus iaculis urna id volutpat lacus laoreet.', N'Ut placerat orci nulla pellentesque dignissim enim. Tempus egestas sed sed risus pretium quam vulputate dignissim. Ultricies leo integer malesuada nunc vel risus commodo viverra maecenas. Senectus et netus et malesuada fames ac. Tincidunt eget nullam non nisi est. Enim sed faucibus turpis in eu. Pretium aenean pharetra magna ac placerat vestibulum.', N'Feb 24 2021 12:13PM', N'Pending', CAST(N'2021-02-24T12:13:47.797' AS DateTime), NULL)
INSERT [dbo].[Applications] ([applicationID], [jobPostID], [jobseekerID], [headline], [description], [education], [skills], [experiences], [lastUpdated], [status], [dateApplied], [dateStatus]) VALUES (22, 7, 2, N'Product Designer', N'Lorem ipsum dolor sit amet, consectetur adipiscing elit, sed do eiusmod tempor incididunt ut labore et dolore magna aliqua. Euismod quis viverra nibh cras pulvinar. Augue interdum velit euismod in pellentesque massa placerat duis. Donec pretium vulputate sapien nec sagittis. Tortor vitae purus faucibus ornare suspendisse. Odio morbi quis commodo odio aenean sed adipiscing diam donec. Aliquam ut porttitor leo a diam sollicitudin tempor id eu. Odio pellentesque diam volutpat commodo sed. Pretium lectus quam id leo in vitae turpis. Aenean euismod elementum nisi quis eleifend quam adipiscing vitae proin. Pretium aenean pharetra magna ac. Leo a diam sollicitudin tempor id eu nisl nunc. Quis varius quam quisque id diam vel quam. Egestas diam in arcu cursus euismod quis viverra nibh.', N'Elit sed vulputate mi sit. Pulvinar neque laoreet suspendisse interdum consectetur libero id faucibus. Mattis rhoncus urna neque viverra justo. Gravida neque convallis a cras semper auctor neque vitae. Nunc sed id semper risus in hendrerit. In massa tempor nec feugiat. Lacus suspendisse faucibus interdum posuere lorem ipsum dolor sit. ', N'Purus sit amet volutpat consequat mauris nunc congue nisi. Nascetur ridiculus mus mauris vitae ultricies leo integer. Et malesuada fames ac turpis egestas integer eget. Ornare suspendisse sed nisi lacus sed viverra tellus. Nulla facilisi morbi tempus iaculis urna id volutpat lacus laoreet.', N'Ut placerat orci nulla pellentesque dignissim enim. Tempus egestas sed sed risus pretium quam vulputate dignissim. Ultricies leo integer malesuada nunc vel risus commodo viverra maecenas. Senectus et netus et malesuada fames ac. Tincidunt eget nullam non nisi est. Enim sed faucibus turpis in eu. Pretium aenean pharetra magna ac placerat vestibulum.', N'Feb 24 2021 12:13PM', N'Pending', CAST(N'2021-02-24T12:14:04.147' AS DateTime), NULL)
SET IDENTITY_INSERT [dbo].[Applications] OFF
GO
SET IDENTITY_INSERT [dbo].[Bookmarks] ON 

INSERT [dbo].[Bookmarks] ([bookmarkID], [jobseekerID], [jobPostID], [dateBookmarked]) VALUES (4, 1, 5, CAST(N'2021-02-23T11:19:31.833' AS DateTime))
INSERT [dbo].[Bookmarks] ([bookmarkID], [jobseekerID], [jobPostID], [dateBookmarked]) VALUES (5, 1, 10, CAST(N'2021-02-23T11:52:52.460' AS DateTime))
INSERT [dbo].[Bookmarks] ([bookmarkID], [jobseekerID], [jobPostID], [dateBookmarked]) VALUES (8, 1, 4, CAST(N'2021-02-23T18:56:43.860' AS DateTime))
INSERT [dbo].[Bookmarks] ([bookmarkID], [jobseekerID], [jobPostID], [dateBookmarked]) VALUES (11, 1, 15, CAST(N'2021-02-23T19:54:43.093' AS DateTime))
INSERT [dbo].[Bookmarks] ([bookmarkID], [jobseekerID], [jobPostID], [dateBookmarked]) VALUES (17, 1, 16, CAST(N'2021-02-24T10:27:16.483' AS DateTime))
INSERT [dbo].[Bookmarks] ([bookmarkID], [jobseekerID], [jobPostID], [dateBookmarked]) VALUES (19, 1, 2, CAST(N'2021-02-24T11:57:22.207' AS DateTime))
INSERT [dbo].[Bookmarks] ([bookmarkID], [jobseekerID], [jobPostID], [dateBookmarked]) VALUES (21, 1, 9, CAST(N'2021-02-24T12:05:12.133' AS DateTime))
INSERT [dbo].[Bookmarks] ([bookmarkID], [jobseekerID], [jobPostID], [dateBookmarked]) VALUES (26, 1, 24, CAST(N'2021-02-24T12:06:32.050' AS DateTime))
INSERT [dbo].[Bookmarks] ([bookmarkID], [jobseekerID], [jobPostID], [dateBookmarked]) VALUES (27, 1, 14, CAST(N'2021-02-24T12:06:54.990' AS DateTime))
INSERT [dbo].[Bookmarks] ([bookmarkID], [jobseekerID], [jobPostID], [dateBookmarked]) VALUES (33, 1, 12, CAST(N'2021-02-24T12:07:49.983' AS DateTime))
INSERT [dbo].[Bookmarks] ([bookmarkID], [jobseekerID], [jobPostID], [dateBookmarked]) VALUES (34, 1, 1, CAST(N'2021-02-24T12:08:14.373' AS DateTime))
INSERT [dbo].[Bookmarks] ([bookmarkID], [jobseekerID], [jobPostID], [dateBookmarked]) VALUES (36, 1, 13, CAST(N'2021-02-24T12:11:34.633' AS DateTime))
INSERT [dbo].[Bookmarks] ([bookmarkID], [jobseekerID], [jobPostID], [dateBookmarked]) VALUES (37, 2, 15, CAST(N'2021-02-24T12:13:36.403' AS DateTime))
INSERT [dbo].[Bookmarks] ([bookmarkID], [jobseekerID], [jobPostID], [dateBookmarked]) VALUES (38, 2, 5, CAST(N'2021-02-24T12:13:48.837' AS DateTime))
INSERT [dbo].[Bookmarks] ([bookmarkID], [jobseekerID], [jobPostID], [dateBookmarked]) VALUES (39, 2, 7, CAST(N'2021-02-24T12:14:05.543' AS DateTime))
SET IDENTITY_INSERT [dbo].[Bookmarks] OFF
GO
SET IDENTITY_INSERT [dbo].[JBSK_StatusNotifications] ON 

INSERT [dbo].[JBSK_StatusNotifications] ([notificationID], [applicationID], [readFlag]) VALUES (2, 1, 0x01)
INSERT [dbo].[JBSK_StatusNotifications] ([notificationID], [applicationID], [readFlag]) VALUES (3, 6, 0x00)
INSERT [dbo].[JBSK_StatusNotifications] ([notificationID], [applicationID], [readFlag]) VALUES (4, 3, 0x00)
SET IDENTITY_INSERT [dbo].[JBSK_StatusNotifications] OFF
GO
